0,13308287175262634;0,10132190574804262;0,1090148490205729;0,11431922191729837;0,10226339663504413;0,1233599904731264
0,1675657182751855;0,10507685054046374;0,1181876491109339;0,1494236795897641;0,10615697211557329;0,13312925022177335
0,20343097999805843;0,11137741503210168;0,1277649954885353;0,185974447670322;0,11275859748220052;0,14320432537479455
0,24074833545031735;0,12031426892446324;0,13800112658768146;0,22397742962180356;0,12214820034057094;0,15386987246829875
0,279668477324689;0,1319637720523296;0,14915603315991685;0,26352675597199493;0,13439091365496436;0,16541585264347525
0,32041538006353354;0,14639505038359765;0,16149432054477522;0,3047974809864882;0,1495444468139775;0,1781352751512113
0,36327693963052454;0,16367632216012035;0,17528475346628186;0,3480364433831844;0,16766553961220998;0,19232273835941793
0,40859368035099153;0,1838802364178847;0,19080039051988684;0,39355110503172597;0,1888152385035955;0,20827363999881854
0,45674501010945256;0,2070879557510737;0,20831919143214842;0,4416959843892019;0,21306270040513953;0,22628387549099482
0,5081322654423626;0,23339166496565222;0,22812495236435804;0,4928560774125166;0,24048717402612763;0,24664979706102397
0,5631575336174062;0,2628951155313582;0,25050839095647237;0,5474264223974781;0,2711777328162994;0,2696681649433197
0,6221969982773496;0,295711722920725;0,2757681613741927;0,6057867463952253;0,30523024138340205;0,29563578474945196
0,685567385041482;0,33195962473848684;0,3042115284817016;0,6682699827948544;0,34274093916156323;0,3248484949151518
0,7534840816501448;0,3717529943408831;0,3361543683896557;0,7351234588356013;0,3837959420242112;0,357599153738831
0,8260098286804901;0,41518881212252734;0,37192009078959193;0,8064618462444071;0,42845593041112595;0,3941742933365049
0,9029937433017473;0,4623282677830798;0,4118370007387929;0,8822117173908084;0,47673536729038;0,4348491833387733
0,984002129456729;0,5131720688639168;0,4562335433440497;0,962048944079342;0,5285758486901431;0,47988121311861853
1,068245327299138;0,5676292579625363;0,5054308214908991;1,0453323720609786;0,5838137275528292;0,5295017894204594
1,154508919485331;0,6254798085769793;0,5597317721527757;1,1310402166844282;0,6421430580160687;0,5839073660151417
1,2411027299406245;0,6863323893773446;0,6194064700723165;1,2177191803667005;0,7030762256457006;0,6432507213134704
1,325846298773182;0,7495803140293167;0,6846732465329421;1,3034596890200594;0,7659062935039818;0,7076340069608689
1,4061129332146904;0,8143607399613293;0,7556757121599758;1,385912730579805;0,8296768571426569;0,7771050575381437
1,4789529959451841;0,8795243062928063;0,832456382041764;1,4623631802617703;0,8931665948087644;0,8516574596259643
1,5413074446400077;0,9436239466138784;0,9149283949425102;1,529870121524524;0,9548960737582779;0,9312324136153629
1,590302924876219;1,0049316431369468;1,00284769149154;1,5854762468175703;1,0131630605741035;1,0157164488627082
1,6235922103671967;1,0614894790529619;1,0957887696750794;1,6264765811619966;1,066109141203491;1,1049247921822927
1,6396767653139255;1,1111960970342893;1,193127501990775;1,6507224334765573;1,111814914627348;1,198558794401137
1,6381346851118421;1,1519222835772855;1,2940342237816447;1,6569203158799861;1,1484140591064729;1,296131881371334
1,6196890062306075;1,1816418826949744;1,3974792710203703;1,6448693441706435;1,1742096764831493;1,3968749705771648
1,5860903112797746;1,198559371207276;1,5022514874613233;1,6155708891434535;1,187772000845143;1,499655016955467
1,5398409385751397;1,2012154429041473;1,6069883219057135;1,5711540258925223;1,1879980320064347;1,6029547736605805
1,483833108386158;1,1885572115411327;1,7102145157568187;1,5146013301249521;1,174123112273194;1,7049500004632563
1,420990041006326;1,1599682196999106;1,8103854768405891;1,4493254287375241;1,1456900925357245;1,8036787237373488
1,3539829670328956;1,1152620692767323;1,9059314170712054;1,3787053124991204;1,1024965560153714;1,897248608178348
1,2850599621889358;1,05464931052919;1,995299052443281;1,3057047113895535;1,0445463245262663;1,9840077762627164
1,215984255515591;0,9786890838884013;2,076988770929669;1,2326528688686271;0,9720251895530194;2,062626242125697
1,148054721240454;0,8882355595942709;2,149586290292819;1,1611991385661136;0,8853071210124583;2,132080979266963
1,082173627224587;0,7843860824016041;2,211788697139955;1,0923974551985216;0,7849839085280759;2,191575906067902
1,0189317896005292;0,6684346576259589;2,262425290614006;1,0268560152048045;0,6719034176674641;2,240441399604462
0,9586917193382024;0,5418319283339191;2,3004738870884904;0,9648964013372745;0,5472001625325569;2,2780498034331087
0,9016594886731044;0,40615133807405623;2,3250732732363275;0,9066880563677651;0,41230506433931424;2,303766440491252
0,8479433439009341;0,26306058436057295;2,3355324232566037;0,8523447065561545;0,2689271729943572;2,316939878243442
0,7976013788464089;0,11429745019640017;2,331336995867519;0,801983335246589;0,11900721450107321;2,3169245615928995
0,7506827960691316;-0,03835059844859798;2,3121535427170303;0,7557536433369898;-0,03535039645442284;2,3031234958344218
0,7072685234080235;-0,19306319271462208;2,2778318158209903;0,7138487725962626;-0,19195549056245076;2,275037342223521
0,6675180404675521;-0,34799978158480505;2,2284055705697483;0,6765085910727029;-0,3486064696981015;2,232308042026128
0,6317305302107182;-0,5013071636360096;2,1640923331179556;0,6440266352872137;-0,5031487507604506;2,1747489221065894
0,6004294589618917;-0,651119897777243;2,085292747280567;0,616771860785815;-0,6535088103693238;2,1023579771555303
0,574478570589078;-0,7955508567535535;1,9925903425404148;0,5952369031576152;-0,7977001386418376;2,0153154026048368
0,5552298553694177;-0,9326687752606234;1,886752854372223;0,5801243268109268;-0,9338019944161191;1,9139696635671655
0,5446830698791496;-1,0604605767546869;1,7687364994255366;0,5724770553774858;-1,0599156707941466;1,7988189021555758
0,5455934328844209;-1,1767802875312043;1,639694647713256;0,5738396960526244;-1,1741066987320754;1,6704987961148738
0,5613984049385624;-1,2792957622121495;1,5009917247499618;0,5863900934287836;-1,2743468963068478;1,5297985437526567
0,5957715267114233;-1,3654605029644427;1,3542213114210684;0,612896106116394;-1,3584795835883812;1,3777470899523436
0,6516223967178865;-1,432557114736047;1,2012237633034808;0,6562553684124808;-1,424244309949335;1,2158346869936523
0,7295481549164543;-1,4778690226225486;1,0440934849511392;0,7183697319011508;-1,4694056884699165;1,0464205122215642
0,8261375899121631;-1,4990176878272345;0,8851611634659018;0,798382415344725;-1,4920134439656088;0,8732403229820154
0,9329547002009951;-1,4944394429715384;0,7269355072722682;0,8909600804020967;-1,4907577355255872;0,7016260043260871
1,0370842865161711;-1,4638850158429804;0,5719960964778678;0,9859169805151855;-1,4653040376878594;0,5378344914094946
1,1235123200813235;-1,4087608547297445;0,4228440158405952;1,070096617059186;-1,4164903607235697;0,3873250796895187
1,1785893616963825;-1,3321552148147944;0,2817342308084987;1,1308079391765236;-1,3463739985154874;0,2529048736496362
1,1931387471849138;-1,2385100787281753;0,1505238465989913;1,158847686919661;-1,25817382116378;0,13410487660632953
1,1639851084328308;-1,1330441324237712;0,030567153204992162;1,149742927973199;-1,156085466205604;0,028140839597573297
1,093590430454434;-1,0211134450253898;-0,07732660660538103;1,1033793879989955;-1,0449229616290931;-0,06841679357054975
0,9883750752084972;-0,9076797111890571;-0,17287529566857976;1,0228965623308812;-0,9296484551466713;-0,15827568329370667
0,8566435775375566;-0,7969747913446701;-0,2562617996657113;0,9134881813784399;-0,8149335271881104;-0,24277206764408277
0,7068376692038818;-0,6923642868481564;-0,3280485470744067;0,7813478694368805;-0,7048533283991785;-0,3218738257777871
0,5464281013593967;-0,596360419833327;-0,38908676428150923;0,6328270885188481;-0,6027271521782738;-0,3946071537239022
0,3814217626912506;-0,5107206834722093;-0,440432520354439;0,4738367197279554;-0,5110718402377776;-0,4596609232462501
0,2163030509703147;-0,4365794618323492;-0,4832754621093826;0,30949562963463295;-0,43163166376381623;-0,5159517671051006
0,054212016423455495;-0,37457879512062653;-0,5188816355194853;0,14398891979523665;-0,365458642327269;-0,5630016800023077
-0,10278841869051528;-0,32498153624539505;-0,5485492226191849;-0,01942798397344747;-0,31302286761452747;-0,6010772945117147
-0,2534430388300689;-0,28776169488805553;-0,5735749587843583;-0,178343546915126;-0,27433376542453924;-0,6311273141028346
-0,3970724144857541;-0,2626730287167684;-0,5952288431035753;-0,33106992354528053;-0,2490555839093318;-0,6546000276913979
-0,5333891526148798;-0,24929949911439944;-0,6147350391775174;-0,47651553229242993;-0,23660551577063904;-0,6732238990196593
-0,6623582377702852;-0,2470916359576118;-0,6332572850811913;-0,6140624727545472;-0,23622915007093903;-0,6888094179587312
-0,7840916433326157;-0,2553922760986942;-0,6518875327715113;-0,7434523322568318;-0,2470532443591602;-0,7031003558772966
-0,8987665969339796;-0,27345422703156547;-0,6716368548388181;-0,864680366792175;-0,26811903952103;-0,7176793864826836
-1,0065585396590702;-0,30045152111611617;-0,6934278778874203;-0,9778972409542228;-0,2984005879453746;-0,7339199065484032
-1,1075826053845448;-0,3354852448888889;-0,718088140892995;-1,0833179272234597;-0,3368124779765993;-0,7529710467126338
-1,201840735095323;-0,3775845366023608;-0,7463438598691308;-1,1811382409577833;-0,38221062556735985;-0,775763143213295
-1,2891750173292196;-0,42570328061335677;-0,7788136387930108;-1,27146058336997;-0,4333890038798298;-0,8030236267494333
-1,369231248591618;-0,47871329718820016;-0,8160017345345149;-1,3542317418619376;-0,4890746045011898;-0,8352965827410435
-1,4414396373355516;-0,5353954038720649;-0,8582905928452457;-1,4291969899737729;-0,5479226848852214;-0,8729621548442279
-1,5050213729660946;-0,5944305286616737;-0,9059325501475777;-1,495876018496968;-0,6085144184736586;-0,9162540209680947
-1,559029528282564;-0,65439392430617;-0,9590408566477626;-1,5535670024157833;-0,669359276233529;-0,9652741724457479
-1,6024294950054128;-0,7137562093478412;-1,01758051395245;-1,6013847984523009;-0,7289046024312622;-1,0200041611795956
-1,6342173497600936;-0,7708951102916134;-1,0813597989205679;-1,6383372579987174;-0,785554636821195;-1,0803110657999464
-1,6535648265052902;-0,8241210684220155;-1,150023695285994;-1,663439410807517;-0,8377004293331212;-1,1459452674037829
-1,6599692121378637;-0,8717181184619734;-1,223050679637551;-1,6758585946294402;-0,8837605311253709;-1,2165268177624036
-1,6533792690272746;-0,91199877151244;-1,299754309417734;-1,6750748297616052;-0,9222300596185511;-1,2915191345379262
-1,6342682319262787;-0,9433685770650397;-1,3792907719294445;-1,66103130982329;-0,9517330793919707;-1,3701938921950432
-1,6036341202700368;-0,9643934605302779;-1,4606729802069056;-1,63424290880422;-0,9710709975747218;-1,4515984125321815
-1,5629243705859743;-0,9738617263162357;-1,542791038776938;-1,5958307553421647;-0,9792589792201558;-1,5345429736457405
-1,5139006129915349;-0,9708332999423605;-1,6244381165621957;-1,5474624862201654;-0,9755442888370014;-1,6176249514350687
-1,458473280519177;-0,9546712094083507;-1,7043401409631103;-1,4912008368105898;-0,9594050975096835;-1,699296364492962
-1,3985397174782352;-0,9250536910233328;-1,7811874038425004;-1,4292905923753727;-0,9305342550089892;-1,7779641984403396
-1,3358531665110536;-0,8819685783350076;-1,853666188456591;-1,3639332004526246;-0,8888172098285074;-1,8520979414514018
-1,2719373879680669;-0,8256939145270834;-1,9204888277051897;-1,2970995204280182;-0,8343143582992676;-1,9203152240084997
-1,2080483403700026;-0,7567696477567063;-1,980421065767851;-1,230414071153712;-0,767255153215163;-1,9814263323649244
-1,1451747346002186;-0,675964984646671;-2,0323060845372254;-1,1651184502772045;-0,6880459091593372;-2,0344352168835167
-1,0840650246853039;-0,5842449636378347;-2,0750849741924875;-1,1020996707943285;-0,597287857109569;-2,078509115190289
-1,0252687285064823;-0,4827385819538554;-2,107813726458687;-1,0419582383874162;-0,49579846347644074;-2,1129353581362897
-0,9691829494033928;-0,3727097381717373;-2,1296770081385805;-0,9850908474555169;-0,38462797666384274;-2,137082313886314
-0,9160987420409911;-0,25553151183530615;-2,139999057781366;-0,9317692131898345;-0,2650643234531338;-2,1503751651187346
-0,8662453745170294;-0,132663914052849;-2,138252075826984;-0,8822050114471591;-0,13862218026145667;-2,15228999644107
-0,8198331474324103;-0,0056351504671535435;-2,1240624817286053;-0,836598196284855;-0,007015532475692421;-2,1423638259297606
-0,7770972547360283;0,1239734383933607;-2,0972154164260526;-0,795171094805784;0,1278834489872045;-2,120214664927429
-0,7383463462782586;0,2545383254096591;-2,0576578932475047;-0,7581938134294437;0,2640935373007829;-2,0855644925646972
-0,704019936226982;0,38439985084209194;-2,005501056062733;-0,7260081830196963;0,3995742492518204;-2,038258833814871
-0,6747580946437927;0,5118622602095911;-1,9410220939345249;-0,6990581119750483;0,5322687398071362;-1,9782788735481245
-0,6514837220013315;0,6351864488568801;-1,8646664776505961;-0,6779336364267805;0,660133348945843;-1,9057450876942794
-0,6354900006934052;0,7525745009822667;-1,7770512918123047;-0,6634330050966706;0,7811496744394777;-1,8209147380955306
-0,6285107231033691;0,862146570652085;-1,6789704585136989;-0,6566392490579904;0,8933184502524165;-1,7241792512426364
-0,6327278928630673;0,9619139868300302;-1,5714024395450703;-0,6589909288015727;0,9946391704703736;-1,6160721699775746
-0,6506437615075433;1,04975832909559;-1,4555203441265827;-0,6722976958743829;1,0830856536729088;-1,497304985400019
-0,6847294743925069;1,1234342907588897;-1,3327030164164522;-0,6986130322198241;1,1565955054617185;-1,368855896021162
-0,7367899207784627;1,180621783054389;-1,204543528586886;-0,7398500496373865;1,2130988112094632;-1,2321380298293967
-0,8070857010536391;1,219054057198421;-1,0728488797352769;-0,797060978061547;1,2506128589000474;-1,0892491181365411
-0,8934256620443874;1,2367359515968275;-0,9396226070810088;-0,8694594950618315;1,2674163508898433;-0,943227029559746
-0,9906100417176482;1,2322357578275156;-0,8070220761414122;-0,9535450559872087;1,2622836705945324;-0,7981122704772101
-1,0906229289756086;1,2049930825910007;-0,6772859083638887;-1,0429068564029784;1,2347217328984135;-0,6585615814932537
-1,183739658764462;1,1555545204776883;-0,552634370314422;-1,129118955939211;1,1851427544137274;-0,528949883270244
-1,260299509435448;1,0856527815520756;-0,4351543257964946;-1,2035082176640917;1,114939041379447;-0,41232294628157407
-1,3125472512130243;0,9980900547192347;-0,32668667261378465;-1,2589772291905807;1,026459135661915;-0,30981023265993324
-1,335911177396354;0,8964524442353732;-0,22873483184717447;-1,2910989523159093;0,9228811921427509;-0,22082131547779227
-1,3293786416166522;0,7847342403855195;-0,14240743342711254;-1,2982797990798174;0,8079751361355396;-0,14380217157847142
-1,2950391086982238;0,6669645716718645;-0,06839950414840208;-1,2812926700824137;0,6857819665545439;-0,07706991743994607
-1,2371417644476463;0,5469062587468099;-0,0070080743183891445;-1,2425832457180044;0,5602828888168996;-0,019386291137710288
-1,1610612310612016;0,4278575034356302;0,04182704529034957;-1,185608394664997;0,43513055465964134;0,029814837610038225
-1,0724447304345084;0,3125524253086139;0,07846786617779178;-1,1143120883358602;0,313474558370753;0,07047814274861608
-0,9766488845163745;0,20313697526013358;0,1035172327619927;-1,0327605431806097;0,19787341370196732;0,10214615641926894
-0,8784498865697413;0,10119212621700668;0,11775851475973906;-0,9449213515704153;0,09026831214826636;0,12424395786957376
-0,7819515092205573;0,007780810206911348;0,12209953684904065;-0,8545524404814282;-0,00800399123498785;0,13634480343268596
-0,6906067698541262;-0,07649704479337467;0,11752226549389215;-0,7651578501549767;-0,09617358760431927;0,1383574627188171
-0,6072863651082956;-0,15144960890974785;0,10503855166151663;-0,6799695187117145;-0,17398320294031322;0,13060693661777467
-0,5343513472040631;-0,21724125392891663;0,08565167454700334;-0,6019262428669474;-0,24162268527135256;0,11381147864830066
-0,47370913620933514;-0,2743434530361752;0,06032331190232597;-0,5336375412111636;-0,29965690224045627;0,08898279230226436
-0,4268475101420272;-0,3234869978485608;0,029945662430640643;-0,47733495507738555;-0,3489515884456762;0,057287921002060926
-0,3948505579963845;-0,36561401544528616;-0,004681392420880972;-0,43482193388438395;-0,39060102720296985;0,019910326440427006
-0,3784047286052353;-0,4018288968546646;-0,04286807203715423;-0,40743471650244434;-0,42586021778389416;-0,02206253223990018
-0,3778033524908521;-0,43334809165201704;-0,08404736007817504;-0,3960223930323141;-0,4560827333275723;-0,06771183994260177
-0,3929557027082584;-0,46144945496528855;-0,12778251366707266;-0,40094795564053687;-0,4826642610806462;-0,1163199045671881
-0,4234031316537393;-0,4874222605555646;-0,17376947510800936;-0,4221066664101971;-0,5069910977002452;-0,16737068831678048
-0,4683412897475408;-0,5125190538778257;-0,22183435850924424;-0,4589551142559043;-0,5303926540895012;-0,2205300620482813
-0,5266448435174714;-0,5379102605642188;-0,27192628863932117;-0,510544027740887;-0,5540971416348031;-0,2756167394881168
-0,5968900343428727;-0,5646420152120828;-0,32410593745157895;-0,5755494855959937;-0,5791898741222947;-0,3325717746431254
-0,6773710463958895;-0,5935971981148845;-0,3785301237629307;-0,6522996732261257;-0,6065739165085313;-0,39143083189972216
-0,7661083802790961;-0,6254593326325334;-0,435432819407124;-0,7387970774388006;-0,6369331387260084;-0,45230038675467554
-0,8608509602922637;-0,6606789504235125;-0,4951028626507016;-0,8327386305129076;-0,6706981555414704;-0,5153371711144512
-0,9590780825242265;-0,6994423832830409;-0,5578586514228046;-0,9315386327828299;-0,708016226875569;-0,5807295978832419
-1,0580118516630135;-0,7416437377119396;-0,6240201174624794;-1,0323611173986114;-0,7487269804374681;-0,6486802748982203
-1,15465438632436;-0,786862011700195;-0,6938784108049307;-1,1321693654054004;-0,7923467246660141;-0,7193895088759996
-1,245865231689899;-0,8343467502951653;-0,7676639845535224;-1,2278001265879996;-0,8380649448710706;-0,7930402546808435
-1,3284911978465437;-0,8830169600044527;-0,8455141690985617;-1,3160683974328915;-0,8847570054342722;-0,8697846600486039
-1,3995516466871663;-0,9314786856258178;-0,9274418253987188;-1,393905233207114;-0,9310167484364891;-0,9497308159215496
-1,4564670106543935;-0,9780660809307951;-1,0133071733880519;-1,458526172781285;-0,9752112660351089;-1,0329257624975208
-1,4972998699849738;-1,0209084946093265;-1,1027952528228215;-1,5076215989152266;-1,0155574780203487;-1,1193284136180441
-1,5209624608982462;-1,058022022295337;-1,195401512693524;-1,5395526156819668;-1,0502163818585029;-1,2087661414642703
-1,5273400487487028;-1,0874188610114928;-1,29042759947894;-1,553526667065897;-1,0773964448370992;-1,300873963406819
-1,5172920109412678;-1,1072230977404842;-1,386988492385323;-1,5497175550058038;-1,095453581090386;-1,395026478690046
-1,4925208306338054;-1,115779005039222;-1,4840308465535044;-1,529289789003445;-1,1029731322613119;-1,4902861703792025
-1,4553341846849135;-1,1117387186773537;-1,5803610349459467;-1,4942956850195086;-1,0988211814041275;-1,5853983232936506
-1,4083528710447406;-1,0941203134356685;-1,6746802686221753;-1,4474412009338349;-1,0821594170548503;-1,6788531472427715
-1,354226288686764;-1,0623333989010535;-1,7656235932948547;-1,3917575452703344;-1,052428161320808;-1,769009415853143
-1,2954055940056708;-1,0161753433347938;-1,8517995990476406;-1,3302507434388107;-1,0093117781455603;-1,8542447430013285
-1,2340001510171352;-0,9558053207793312;-1,9318282326590352;-1,2656092300960433;-0,9527046517839817;-1,9330847550717007
-1,1717172471350907;-0,8817048247770517;-2,004374931826822;-1,20002449042356;-0,8826924066715893;-2,0042753420937927
-1,1098673979520788;-0,7946324702776059;-2,068180153837663;-1,1351370555210725;-0,7995544301673523;-2,0667895643395044
-1,049410919674703;-0,6955788122134248;-2,1220840664150886;-1,0720829756663777;-0,703784578127145;-2,1197860330463185
-0,9910235684136726;-0,5857245700678081;-2,1650466300144022;-1,0115984397687228;-0,596120669218176;-2,1625471199037145
-0,9351655698968981;-0,4664037361040681;-2,1961635411482168;-0,9541420941460705;-0,4775711099416591;-2,194422943441118
-0,8821455265790179;-0,33907181407455655;-2,214678584980704;-0,9000070347327729;-0,3494281555661507;-2,2147971374297244
-0,8321764547588832;-0,20527884483185957;-2,2199929317492533;-0,8494085740223203;-0,21326079673468623;-2,2230793989348263
-0,7854250877010348;-0,0666467604042233;-2,211671863162601;-0,8025449164378893;-0,07088499691069972;-2,2187212895219095
-0,7420579611066951;0,0751491997021278;-2,189449371462507;-0,759634772153565;0,07568602625007514;-2,20124672075127
-0,7022892809689875;0,21839489580066462;-2,1532310598760125;-0,7209395779417203;0,2243045811700939;-2,1702867956355663
-0,6664365705140554;0,36134690433389666;-2,1030958036552745;-0,6867796842267717;0,37275483273040555;-2,125609647542932
-0,6349905061904241;0,502236159611475;-2,03929671488134;-0,6575546282222935;0,5188125306701679;-2,067138893769696
-0,6087042206407909;0,6392639000115897;-1,9622620937479647;-0,6337778467250339;0,6602891997170701;-1,9949583855357553
-0,5887023762996569;0,7705879471874002;-1,8725972295080493;-0,616135289181484;0,7950544800977646;-1,9093051540143469
-0,5765975720892269;0,894297941121759;-1,7710880820282577;-0,6055730584676817;0,9210339425778566;-1,810556362933172
-0,5745764834070128;1,0083805824697165;-1,6587079006687666;-0,603406546195016;1,0361843727454954;-1,699220314384244
-0,5853792088961535;1,11068152204651;-1,5366274758706897;-0,6114152327677158;1,1384548308629858;-1,5759480589601433
-0,6120535059273969;1,1988802198471638;-1,4062286070371401;-0,6318378754895411;1,2257505753375844;-1,4415929263320861
-0,6573550896122825;1,2705066490353438;-1,2691181461350785;-0,6671216489997556;1,2959278544437067;-1,2973575633749217
-0,7227422965992398;1,323038329504567;-1,1271366141501415;-0,7192536480289877;1,346856267969124;-1,1450640715156069
-0,807119896183768;1,3541116707080794;-0,9823517107062771;-0,7886132966057107;1,3765805616372035;-0,9875206945947439
-0,9057735608731371;1,3618514583032069;-0,8370250417152612;-0,8726204693610671;1,3835808960027718;-0,8287989247913732
-1,010113546416102;1,3452668718407566;-0,6935426945262406;-0,964907040211;1,3670730141533358;-0,6740512954977835
-1,1086764270952951;1,3046050153613609;-0,5543083565697732;-1,055843890820972;1,3272515968910676;-0,5285745675940405
-1,1892777785080115;1,241533361386277;-0,42160974401582174;-1,1345620877278173;1,2654115472397294;-0,39637280378387496
-1,241578590395289;1,1590671261315264;-0,29747999396860947;-1,1915205096642993;1,1839474749597225;-0,27907719755186866
-1,259083431834256;1,0612502577794851;-0,1835795948580818;-1,2203240661046462;1,0862404939381167;-0,17593531969002374
-1,2399116631919018;0,9526869274521275;-0,08111905975001485;-1,218227425334978;0,9764129764888136;-0,08474945689627411
-1,1863113063469952;0,8380563626717814;0,009169285351140297;-1,1856467887794346;0,858963917346601;-0,0030671306355882777
-1,103383412516232;0,7217192372919455;0,08701451176577576;-1,1252716465779187;0,7383715448442332;0,07095319441593073
-0,9976191401434281;0,6074666759037215;0,15255765863478105;-1,0411694243011056;0,6187669285665263;0,13817628589665265
-0,87568803960103;0,4984087465573134;0,2062844338959874;-0,9380401755268355;0,503728694926111;0,19854015720427665
-0,7436562249444809;0,39696794009992087;0,24895273140380111;-0,8206636191040029;0,39618873223121476;0,2513644223285816
-0,6066123858698313;0,3049354722775119;0,281523549462287;-0,6935386793361329;0,2984141444276478;0,29576398507414314
-0,4685857646530056;0,22355528252654008;0,30509982164887417;-0,56068971122804;0,21203537445357012;0,3310392575626411
-0,3326291740315277;0,15361268401105904;0,32087465026463846;-0,4255935761226848;0,13810257370324752;0,35695233183732444
-0,20096914888242678;0,09551570415219435;0,33008865081483507;-0,2911756448972418;0,07715986649576445;0,37384915761822235
-0,0751627622299651;0,04936493884268044;0,3339953222681093;-0,15983217629621915;0,029329427611939796;0,38263730399366214
0,04376855630536605;0,01501218486882782;0,3338331914668934;-0,03345419920916326;-0,005602341588758719;0,3846622180565715
0,15523739213777032;-0,007889945751874301;0,33080363267352336;0,08655484166690242;-0,028103294446589988;0,38153615098974036
0,2590185744296611;-0,019844851582612254;0,3260535252565802;0,19926431682887769;-0,03882337112087697;0,37496717087992515
0,3551996895630283;-0,021473082159584624;0,3206621634726589;0,3041971998625361;-0,03853393375898584;0,36661953633040856
0,4441450015217854;-0,013476447688291007;0,3156320157143529;0,4013004031401519;-0,028078536775567375;0,35801915363948655
0,5264648078191934;0,0033954432273292055;0,3118830306981817;0,49090231539823437;-0,008333656897445696;0,35050388998690707
0,6029841753649029;0,028376094493608246;0,31025021234531286;0,5736587272690286;0,0198225859561445;0,34521007899998946
0,6747070910073114;0,060709896290657026;0,31148415204550883;0,6504903713807928;0,055535447951467365;0,3430833267585278
0,7427737818678214;0,09967590874480395;0,3162541375228277;0,7225155962587313;0,09799339035157839;0,3449022406055491
0,8084100334534788;0,14460668139504929;0,32515336941755907;0,79098067731092;0,14644300119820386;0,351306221795312
0,8728677336796635;0,1949010935809447;0,3387057216649744;0,8571886245360818;0,20019859095972814;0,36282154103124675
0,9373557938324089;0,2500301827998871;0,3573733850274969;0,9224257028427658;0,25864553377626764;0,3798826368657773
1,002960412832881;0,3095349028850626;0,38156463533522533;0,9878837141033947;0,3212361423106622;0,4028475406807486
1,070553855409996;0,3730147347467175;0,4116408686833225;1,0545757600725438;0,3874768163968083;0,4320075177674223
1,1406920867682169;0,4401061257734553;0,44792194838959976;1,1232440237213512;0,4569054225707818;0,4675916200024979
1,2135043429762487;0,5104499839684423;0,49068882565475685;1,1942603620588694;0,5290584147224626;0,509767156485438
1,288582493371493;0,5836480760821432;0,540182355232247;1,2675243865277768;0,6034282041820695;0,5586373759575594
1,3648849344240022;0,6592093781677679;0,5965972756476916;1,3423691058923675;0,6794128341749426;0,6142380883465561
1,4406779136742665;0,7364893667921458;0,6600705259701438;1,4174904061553755;0,7562621238196248;0,6765354958215193
1,5135442926717324;0,814627927704271;0,73066350260156;1,4909220707857251;0,8330269319366015;0,7454277959380899
1,5804916453319258;0,8924946797493507;0,8083385804373682;1,5600803479952368;0,9085205518957684;0,8207524083864701
1,6381828293915548;0,9686532640476099;0,8929312383420381;1,6218987868010637;0,9813026566693792;0,9022979613918585
1,6832884451114296;1,0413572277225112;0,9841203385775704;1,673063791672369;1,0496956579415002;0,9898148041538608
1,7129228353387642;1,1085880387322413;1,0814002701236876;1,7103446231060917;1,1118399586974306;1,0830107056622182
1,725083649992473;1,1681395448878242;1,1840594062008245;1,7309903670437827;1,1657880323200094;1,1815135130069105
1,7189886301915633;1,2177433769755834;1,291169252583557;1,7331425305891002;1,2096280693357797;1,2847870812031008
1,6952121235104507;1,2552189963823133;1,4015875407641558;1,7161873854427854;1,24161777248736;1,3920075116731168
1,6555746615586449;1,2786243754536686;1,5139764561759248;1,680954306537798;1,2603010596812823;1,5019410716549775
1,6028151802184012;1,2863823017883438;1,6268346898712345;1,6296733249175408;1,2645799258885564;1,6128929865288333
1,5401425826206518;1,2773639488356925;1,7385398000964716;1,5656577837843746;1,253724919064454;1,7227870068586082
1,4707894596017188;1,2509230077776867;1,8473961169667827;1,4927727001192914;1,2273293628703894;1,8293773827845818
1,3976675968762702;1,2068855013412656;1,9516833812919703;1,4148393149916925;1,1852345936277993;1,9305199404938609
1,3231712289304913;1,145508147054656;2,049702270290319;1,3351493486111723;1,127462772116346;2,024394384727903
1,2491200397073414;1,0674202064103613;2,139814419162738;1,2562003828015964;1,0541850379335589;2,109602014861803
1,1768012433650974;0,9735613043794218;2,2204759686951467;1,1796620052365725;0,9657331513413383;2,185131801346964
1,107062910721576;0,8651232074174255;2,290264717832908;1,1065050266743808;0,8626444181130983;2,25024231901054
1,040420571284112;0,7434992072385997;2,347901544557378;1,0372028658603223;0,7457197567335121;2,3043223656938157
0,9771546306775688;0,6102417121680661;2,3922669598086723;0,9719326690807724;0,6160733539979915;2,346778073410042
0,9173895789638251;0,4670270563459674;2,422413624159541;0,9107363498280581;0,4751565310471544;2,3769696265150015
0,8611545833978823;0,31562604007219053;2,4375755186511565;0,8536292627504634;0,32474571397352214;2,3942001181319137
0,8084293706478316;0,15787885345250147;2,437174308358818;0,8006607359200983;0,166893207728946;2,397746384776241
0,7591809860520449;-0,004326532757193163;2,4208233161535095;0,7519380279448789;0,0038482507404316024;2,3869155933644217
0,713397674743618;-0,1690728799878001;2,38832945393624;0,7076271941555445;-0,16203738524264244;2,361109997658377
0,6711268848408543;-0,33442885684727314;2,3396934470417112;0,6679437930776264;-0,3284019683198376;2,3198844550005733
0,632525864801716;-0,4984599169867902;2,2751087419660374;0,633145213999645;-0,4929486634040261;2,262986111167474
0,5979355395655458;-0,6592330264942866;2,194959621275637;0,6035359075903437;-0,6534916662690939;2,1903718411402524
0,567990206422957;-0,8148122924287866;2,0998192811925525;0,5794977603105287;-0,8079689785179665;2,1022048427358566
0,5437736087972576;-0,963241434467609;1,9904489691984986;0,5615600758579569;-0,9544229963073401;1,9988356924868391
0,5270183684503045;-1,102508637534926;1,8677997013903607;0,5505242856227701;-1,0909542081819694;1,8807749588155325
0,5203077548907831;-1,2304913569533358;1,7330184350802353;0,547649210102827;-1,2156561173314677;1,748666340862794
0,5271639429095021;-1,3448861710768918;1,5874604785797601;0,5548664247602093;-1,3265431369006453;1,6032766631891873
0,5518035677076084;-1,4431452713295658;1,432708660860441;0,574909355073248;-1,4214911368296352;1,4455393718218277
0,5982748226810004;-1,5224668061251356;1,2705964298714103;0,6110997851016964;-1,4982252169493921;1,2767233407100838
0,6688020059729469;-1,579910901425017;1,1032261201631905;0,6664180170885152;-1,5544068533923772;1,098821635133552
0,7615912412506962;-1,6127114584916702;0,9329664035240428;0,7416183268156993;-1,587871760398863;0,9151709795492389
0,8690059097147723;-1,61879566341004;0,7624085520764716;0,8328319610838482;-1,5970144091616305;0,7309883079001125
0,977409574922643;-1,5974069359060772;0,5942655184076373;0,9301537136966376;-1,5812039532432043;0,5530616310022793
1,0694823605574335;-1,549611847770692;0,43121409894693374;1,0189305582111867;-1,5410587188110487;0,3879881111315573
1,1284528655179094;-1,478454569109998;0,2757037186799765;1,0837110065855815;-1,4785192915942198;0,23968078298989148
1,142418776457373;-1,3886505336326198;0,12977324676066407;1,1124997856284842;-1,3967956860562496;0,10804128136198887
1,106845051098898;-1,2859144907324571;-0,0050817437641089425;1,0989854687728537;-1,3001977096543427;-0,010191965325144103
1,0244746633368196;-1,176161453276771;-0,1279658410044977;1,0424924156033906;-1,193765982755741;-0,11933209247401955
0,9032672532720867;-1,0648228780080635;-0,2385642741629345;0,94675780140969;-1,0827368545258556;-0,22285237372615985
0,7536447630646159;-0,9564161114616568;-0,337066424008265;0,8184399227034325;-0,972016750844618;-0,32243620971686937
0,5861282198509004;-0,8543805456695901;-0,42405970501508494;0,6656971771526252;-0,8658100308151124;-0,4179416734447239
0,40985768588311233;-0,7611139292814442;-0,5004182031549016;0,49695506206446627;-0,7674274585376788;-0,5079718382509277
0,23197527965978393;-0,6781199214786107;-0,5672020805817644;0,31996804902685616;-0,6792367661725727;-0,5906928093665007
0,05760723106536558;-0,6061932502136602;-0,6255751252107362;0,14124786548227597;-0,602712677435711;-0,6645752053877754
-0,1098426180415833;-0,5455966415292834;-0,6767415968051934;-0,03415800040103267;-0,5385539853603012;-0,7288490477880978
-0,2682973642382043;-0,49620830484603523;-0,7219001264017119;-0,20262590100884692;-0,48683765213841457;-0,783624581589327
-0,416627288396926;-0,45763486314700363;-0,7622111725284305;-0,3617631605754128;-0,4471800446702181;-0,8297620496216305
-0,5543353594352988;-0,42929288779764535;-0,7987745282222664;-0,5101541901224227;-0,4188812048585828;-0,8686218045762653
-0,6813182375189611;-0,41046525114168375;-0,8326139169643331;-0,647105472509883;-0,40103879498110695;-0,9018047205177693
-0,7976949387042124;-0,4003387740458615;-0,8646664034760174;-0,7724209144047194;-0,392629022392605;-0,9309439430164255
-0,9036896252944655;-0,39802873857204346;-0,8957749815673662;-0,886219514376118;-0,39255890073999344;-0,9575658933661115
-0,9995552606243137;-0,4025946400163687;-0,9266832185773969;-0,9887961008296955;-0,39969714803181766;-0,983013223621541
-1,0855273833012322;-0,4130504648612439;-0,9580312303086415;-1,080520640773189;-0,4128910978990352;-1,008413004058077
-1,1618001459831129;-0,4283719315785429;-0,990352552494945;-1,1617699609616565;-0,4309756984216233;-1,0346733059234912
-1,2285192138655778;-0,44750252076860636;-1,024071690775066;-1,2328859272156416;-0,4527790295285121;-1,0624950037864243
-1,2857878377130192;-0,46935969690444057;-1,0595022934363147;-1,2941550760845448;-0,47712729810354926;-1,0923898775445569
-1,3336833580440262;-0,49284241558375536;-1,0968460157044702;-1,345805719656651;-0,5028511263420534;-1,124699609512641
-1,3722816391144108;-0,5168407477497389;-1,1361922396207147;-1,3880192870179167;-0,5287941111260461;-1,1596127575222663
-1,4016866439496702;-0,5402481774349148;-1,1775188814976119;-1,4209529623305748;-0,5538240156735452;-1,1971784058986459
-1,4220618002813414;-0,5619768047023959;-1,2206945566214775;-1,444770510424851;-0,5768464753067395;-1,2373162470677213
-1,4336592919805788;-0,58097530203834;-1,2654823729549254;-1,459677647508001;-0,596820701948692;-1,2798235965875366
-1,4368432713793524;-0,5962490550496296;-1,3115455875776687;-1,4659576324225407;-0,612776341931059;-1,324380464645329
-1,4321034766030767;-0,6068815213594424;-1,3584552809618433;-1,464002236941048;-0,623830402834556;-1,3705543348207203
-1,4200569348374679;-0,6120555365005375;-1,4057000907446457;-1,4543332647251812;-0,6292030677163072;-1,4178066382116579
-1,4014371899495754;-0,6110731499955908;-1,452697911286088;-1,4376106376961033;-0,6282313110168791;-1,4655028749982222
-1,3770724573403295;-0,6033726296605325;-1,4988093262851307;-1,4146248714975038;-0,6203795395802352;-1,512927767974218
-1,3478558261649531;-0,5885415255479735;-1,543352419274989;-1,386274315963401;-0,605246962715571;-1,5593057349658421
-1,3147116994772323;-0,5663250895191017;-1,5856185185261977;-1,35353029990338;-0,5825719352077203;-1,603825583688118
-1,2785628791315795;-0,5366298224205746;-1,6248883897921005;-1,317395554084289;-0,5522339612980309;-1,6456671047254385
-1,2403021090005872;-0,4995223795417632;-1,660448394835277;-1,2788623386769418;-0,5142542540250843;-1,6840266212818018
-1,200770743322388;-0,4552244333371457;-1,691606179924138;-1,2388762876649548;-0,4687956460203;-1,7181387909500456
-1,1607458619429443;-0,4041043292786798;-1,7177055348710815;-1,198310314418995;-0,41616228549120127;-1,7472929466598157
-1,1209359379762938;-0,3466664709771088;-1,7381401558274465;-1,1579505992947394;-0,3567990577477249;-1,7708436244355519
-1,0819842857296191;-0,28353935749876324;-1,7523661411268316;-1,1184944163321426;-0,29129022024966034;-1,7882161745485359
-1,0444790414297571;-0,21546310682091668;-1,7599131393703142;-1,0805579029858698;-0,22035647558930682;-1,798909129005696
-1,0089682967677767;-0,14327717297609943;-1,7603941470399023;-1,0446910704525383;-0,14484971076352204;-1,8024951767472186
-0,9759790791610208;-0,06790882934515939;-1,7535140170538137;-1,0113973219541135;-0,06574489748899248;-1,7986222784135038
-0,9460389839527084;0,009637139728006228;-1,7390767898678658;-0,9811552245315398;0,015870900100909857;-1,787015867002769
-0,9196992392607829;0,0882872258206685;-1,716991995546867;-0,9544409277671431;0,0988119507675913;-1,7674824845151926
-0,897557660286367;0,1669062964993847;-1,6872800980794056;-0,9317501164608861;0,18180881995169118;-1,7399147995124804
-0,880279186571585;0,24430304509440415;-1,6500772587427726;-0,9136184486889902;0,26352375108784587;-1,7042978515975014
-0,8686104119962508;0,3192341284915407;-1,605639576155131;-0,9006388464495978;0,34256542607253726;-1,6607166049036186
-0,863382771657457;0,39040778018875655;-1,5543469047219096;-0,8934726307129233;0,4175025151563565;-1,609365418525761
-0,8654971760676897;0,4564883100673513;-1,4967062445900001;-0,8928493454622397;0,48687624307696353;-1,5505607387399762
-0,8758816545125159;0,516103675479925;-1,4333545187807886;-0,8995475659538898;0,5492133106085646;-1,484758958293686
-0,8954142858156354;0,5678591009990516;-1,3650602981656503;-0,9143470400939984;0,6030417401357844;-1,4125815519634144
-0,9248079936018379;0,6103602591161664;-1,292723713652473;-0,937943056868259;0,6469132326962006;-1,3348485777916532
-0,9644629418321268;0,6422493737532557;-1,2173734537420315;-0,970819593850639;0,6794359385328432;-1,2526184825805795
-1,0143059518546003;0,6622562907688991;-1,1401594766549428;-1,013090799676558;0,6993205790846879;-1,1672261746674013
-1,0736513031265194;0,669263769040928;-1,0623400019598956;-1,064340086566263;0,7054402360868139;-1,080303303881974
-1,1411269999770506;0,6623821737333774;-0,9852616262747219;-1,1235060619810031;0,6969001020314991;-0,9937584160524033
-1,2147074632282968;0,6410243282204627;-0,9103321147585992;-1,188871933446089;0,6731092652700918;-0,9096969833575734
-1,2918732989713115;0,6049680740208495;-0,8389865121368016;-1,2581968383187294;0,633843952356095;-0,8302780932026192
-1,3698847453054013;0,5543937412102924;-0,772648487768281;-1,3289825440024603;0,5792917432649105;-0,7575329963046542
-1,4461195287351116;0,48988708962266614;-0,7126899453626239;-1,398815837502253;0,5100687125408534;-0,6931955170266653
-1,518403383209498;0,41240474368996366;-0,6603925428598811;-1,4656957636630974;0,4272048334730796;-0,6385966128843394
-1,5852622777515228;0,32320676004935406;-0,6169146653271287;-1,528264178887532;0,33209662847088106;-0,5946497896034484
-1,6460480874452164;0,22376732369748353;-0,5832665807315951;-1,5858992398483542;0,22643049466534348;-0,5619160366316422
-1,7009226479050819;0,1156779375638667;-0,5602952050007532;-1,6386774442980334;0,11208555866534908;-0,5407096885062508
-1,7507147464176416;0,0005574912218006267;-0,548678435881485;-1,6872379074199246;-0,008970213965486362;-0,5312021466213119
-1,79668154888595;-0,12001886076026398;-0,5489276844231524;-1,7325874168706812;-0,13477489737570725;-0,5334939355077823
-1,8402096017514205;-0,24456363289153873;-0,5613962202266112;-1,7758749669883134;-0,2634445380277861;-0,5476447012011221
-1,8824869601129595;-0,371688940930321;-0,5862903042946697;-1,8181517136072314;-0,39321296823844465;-0,5736661007726145
-1,9241755996415317;-0,5000848628465044;-0,6236797886484635;-1,8601250210844646;-0,5224362573652916;-0,6114911807336734
-1,9651184907824055;-0,6284660220836892;-0,6735048963849997;-1,9019172830033768;-0,6495643722944477;-0,6609370712585401
-2,004129698380363;-0,7554924971085225;-0,7355763067106207;-1,9428513980332727;-0,7730879497064822;-0,7216777383854893
-2,038932255123234;-0,8796769988660917;-0,8095665793385043;-1,9813013998661888;-0,8914729984277789;-0,7932410360799804
-2,066312930609163;-0,9992971619862691;-0,8949924962930481;-2,014661258669595;-1,0031006192574599;-0,875038311601374
-2,0825366936409093;-1,1123376141127799;-0,991190084960565;-2,0394875579287115;-1,1062314754425042;-0,9664226362692538
-2,083994791233768;-1,2164874479131311;-1,0972866235412773;-2,051854643617144;-1,1990140954152968;-1,06675137703277
-2,067960472676098;-1,3092109184272147;-1,2121761321107543;-2,047921651863761;-1,2795501560495404;-1,1754045173194596
-2,0332400154410672;-1,387891522972291;-1,3345057658316262;-2,024652184344759;-1,3460169212788855;-1,2916989775496641
-1,9804957291438055;-1,4500265802548773;-1,4626793614933273;-1,9805534630690107;-1,3968266141636096;-1,4146697261183383
-1,9121166711283644;-1,4934308008047106;-1,5948810855502091;-1,9162261793039028;-1,4307787095140816;-1,5427768052970978
-1,8316872433969906;-1,516403182890539;-1,7291176589205532;-1,8344861241883366;-1,4471465351489954;-1,6737039259076258
-1,7432582890925785;-1,5178250401572098;-1,8632736478034706;-1,7399115270719343;-1,4456527475046295;-1,8044351169355233
-1,650671409058841;-1,4971812150940333;-1,99517228116197;-1,6379072417579668;-1,4263357428375503;-1,9316561492942368
-1,557112197368547;-1,4545191604217154;-2,122634656997295;-1,533627354461129;-1,3893659090924124;-2,0523089049639167
-1,4649370235605736;-1,390372122223229;-2,243532364791376;-1,4311571125144624;-1,3348944095402984;-2,1640246848194704
-1,3757127185936422;-1,3056717238788376;-2,3558312461664808;-1,3331721204675897;-1,262991975456418;-2,265263790389992
-1,2903688081946618;-1,2016668615346997;-2,457626199022066;-1,2410328187503457;-1,173687235039905;-2,3551777260221556
-1,209376648077721;-1,0798563091362947;-2,5471681634557095;-1,155122827785741;-1,0670783714972387;-2,4333276934146317
-1,1329061222790209;-0,9419356378129589;-2,6228848081890677;-1,075240708194218;-0,9434796245839319;-2,499396325791567
-1,0609428224904331;-0,7897557582890623;-2,683396299501363;-1,000931253359288;-0,8035662993612243;-2,552974415806724
-0,993367490062033;-0,6252896409704253;-2,7275271993428487;-0,9317172119094794;-0,6484881170308194;-2,593450005245824
-0,9300067046817011;-0,4506042826876808;-2,754315201541548;-0,8672355074380553;-0,47992789198105834;-2,619994876766464
-0,8706644416166723;-0,2678358746564026;-2,7630171557530145;-0,8072979745445432;-0,30009225735132716;-2,6316285497281187
-0,8151423639266924;-0,07916695288885126;-2,753112660502993;-0,7518986153607585;-0,11163443499560399;-2,6273327529019994
-0,7632548818408394;0,11319503510690898;-2,724305414874417;-0,701186760403862;0,08247649621548403;-2,6061852993824988
-0,714844125695681;0,3070377922667984;-2,676522485898172;-0,6554221525154293;0,27911441918086943;-2,5674817911598127
-0,6698005609316603;0,5001624034387435;-2,6099116667664157;-0,6149247481512818;0,4751540819006599;-2,510818929639247
-0,6280975680627237;0,6903986266511255;-2,5248371748680194;-0,5800293771541576;0,6676032772081033;-2,436125029565453
-0,5898536395389691;0,8756151114301005;-2,421874092895253;-0,5510545058125096;0,8536933806893057;-2,3436388327714766
-0,5554442401386213;1,053720731135415;-2,301802240882745;-0,5282971635672222;1,0309217017572267;-2,2338514223035957
-0,5256945001726827;1,2226506650214604;-2,1656006581433775;-0,5120745275325369;1,1970460852842537;-2,1074325385377835
-0,5021831714093775;1,3803278013447267;-2,014444645643586;-0,5028462591909828;1,3500360247242846;-1,9651599456142188
-0,4876499721436135;1,5245886132196778;-1,8497083320999246;-0,5014613339723681;1,4879862991017743;-1,8078631054376735
-0,48637499345779583;1,6530687935715958;-1,6729765577239588;-0,5095482082032736;1,6090024536235865;-1,636393216292901
-0,504156388407716;1,7630680836298152;-1,4860692836690386;-0,529943538884984;1,711079952710071;-1,4516617975852455
-0,5472408554669751;1,851464854640685;-1,291077470850963;-0,5667617570167152;1,7920297184491791;-1,2548659260421742
-0,6196139536938559;1,9148169645262172;-1,090399163398382;-0,6243181697856959;1,8495481043634157;-1,048099781317175
-0,7189391206373132;1,9498083349432753;-0,8867494455159854;-0,7041383638098155;1,8815430727248974;-0,8354324081737232
-0,8330985105282578;1,9540911653606043;-0,6831066740335179;-0,8006348771303897;1,8867157615226469;-0,6238449535974437
-0,9403562478366547;1,9273095067818582;-0,4825648144468379;-0,8985868987695587;1,8651478270125383;-0,42240161115765584
-1,0147545978814534;1,8718301106081294;-0,28809624661455746;-0,9760818075808355;1,8185598842783812;-0,2386388777567845
-1,0347224082836155;1,7927189289519547;-0,1022775335663132;-1,0120899959466496;1,7502349077462305;-0,07451142526601551
-0,9902221064007402;1,69686884604363;0,07293972816529243;-0,9932525808678894;1,6648036011749068;0,07415420809034146
-0,8847745838617985;1,5916426687514906;0,23634345588643707;-0,91636376171137;1,5678101714653816;0,2143802340173817
-0,7322666343020294;1,4835901811290124;0,3874388397182943;-0,7874547176721414;1,4649594443072385;0,3520922940158311
-0,5512542909562385;1,3776419325132832;0,5263178805589028;-0,6193120082813068;1,3613070279873631;0,48990950295574276
-0,3597689996838939;1,2768728904268545;0,65347602368928;-0,4282164761464129;1,260706287671347;0,6270042556609132
-0,17220072607705325;1,1826948810482383;0,7696286252065716;-0,2304869683959625;1,1655867424663824;0,7603507194503063
0,0017049682087316997;1,0952616074674577;0,8755605188340269;-0,039719472223910035;1,077001034230594;0,8864115169383808
0,15646801916012928;1,0139098505554376;0,9720208140834036;0,13462154740127596;0,9948663721442665;1,002428455958393
0,2898983405753753;0,9375378063165963;1,0596606173125924;0,28727282571696877;0,9183170293300802;1,1069407261740585
0,40204571093072317;0,8648863589737376;1,1390047224878346;0,41640083010062945;0,8460710538868419;1,1996578002987643
0,49431997374993897;0,7947267363040342;1,2104470695787581;0,5225489637632976;0,7767340268432235;1,2810401136711844
0,5688464076942882;0,7259732678236438;1,2742611655449572;0,6076722719060972;0,709007066939193;1,351878478463017
0,6280351778250823;0,657742360041096;1,3306188538773358;0,6744102027456846;0,6418046443521233;1,413002032705318
0,6743161613436135;0,5893756953284034;1,379612889098788;0,725607232973184;0,5743056518863181;1,465125180900701
0,7099903483524695;0,5204411684109774;1,421280406924737;0,764031424498604;0,5059626298684137;1,5087949673751408
0,7371584565750074;0,4507209718501846;1,4556255538240512;0,7922304275768242;0,43648819866487854;1,5443957589791095
0,7576980821238167;0,3801930531893377;1,4826403320585182;0,812474432067495;0,36583090461324774;1,5721798600225831
0,7732696748112057;0,30900988126561685;1,5023232270932;0,8267500113228912;0,29414737069172014;1,5923057002135952
0,7853382869027551;0,23747689698675634;1,5146954990753727;0,8367812583131236;0,2217742391573876;1,6048746392252777
0,7952026572652772;0,16603198591055185;1,5198152033036956;0,8440636002643607;0,1492014838461495;1,609962986469606
0,804026210350927;0,09522662878777284;1,5177891013390297;0,8499015888098564;0,07704771894430973;1,6076486530240253
0,8128663881824439;0,025708933609130055;1,5087826644546034;0,8554456018997398;0,006037706304952817;1,5980330605147142
0,822699727149857;-0,04179156536426315;1,4930283729458833;0,8617244649621294;-0,06301793049769167;1,5812593249325708
0,8344405089726288;-0,10647770582594901;1,4708324887442437;0,8696720102971187;-0,1292409202969549;1,5575277844151465
0,8489508998254426;-0,16749768073603588;1,4425804296311242;0,8801459080770608;-0,1917018073120742;1,527109885269149
0,8670405008516439;-0,2239580102964131;1,4087408028734674;0,8939370193867857;-0,2494352408288827;1,4903613579318158
0,8894534650458552;-0,2749375053092665;1,369868065500313;0,9117673567525024;-0,30145497683320466;1,4477354748955475
0,916842120402087;-0,3195033674326806;1,32660367127425;0,9342748763103592;-0,3467697721651013;1,3997968804708725
0,9497276747524596;-0,3567305872645822;1,279675449716386;0,9619842263391671;-0,38440153911958275;1,3472358670264049
0,9884511902491432;-0,3857255968904482;1,2298948574956214;0,9952646730927941;-0,41340709141536625;1,2908819079323104
1,0331213724751218;-0,4056546224743161;1,17815167326971;1,0342798899437242;-0,43290444207166656;1,2317137395065219
1,0835690753972047;-0,4157763273626333;1,1254057061560276;1,0789386922390798;-0,4421038563990263;1,1708616105869627
1,1393205412229839;-0,4154772015872248;1,0726751866459074;1,12885978645807;-0,44034277883313866;1,1095962232682552
1,1996008693166031;-0,40430694128103695;1,021021724894613;1,1833650329323295;-0,4271225469600268;1,0492994459693836
1,2633750957131356;-0,3820100964813862;0,9715320463453254;1,2415124650131077;-0,40214379378602416;0,991414982485276
1,329426765707252;-0,34854991386931283;0,9252971050932166;1,3021716856347187;-0,36533691809725743;0,9373826783795938
1,396464665533974;-0,3041208312134367;0,8833895556248884;1,364132268591932;-0,3168841129180531;0,8885662456453804
1,4632401855622508;-0,24914752956756012;0,84684084246253;1,426224856627908;-0,25723012626454533;0,8461879288122569
1,5286533558929196;-0,18427056393805566;0,8166192648286729;1,4874294862149982;-0,18708004004853107;0,811282609172638
1,5918264485672964;-0,11032089264328593;0,7936102472923099;1,546948453041748;-0,10738379438853052;0,7846780082917517
1,6521298452369426;-0,02828756638058233;0,7785997073071442;1,6042300942870331;-0,019308899375152233;0,7669996425056125
1,7091537619182389;0,060716005148147845;0,7722609157378184;1,6589409949245728;0,0757954090384172;0,758692660484118
1,7626290698558795;0,15548161816223988;0,7751446874462777;1,7108933260873012;0,1764377995926334;0,7600501183636377
1,8123091574964745;0,2547268746857585;0,7876722148637273;1,7599395401425233;0,2810228092206204;0,7712387707425092
1,8578319804190135;0,3571036446564098;0,8101294583888896;1,8058491481006027;0,38788222927715443;0,7923174933754566
1,8985873446899828;0,4611935143251009;0,8426618077047104;1,8481836647940866;0,49529684451325506;0,8232479426998855
1,9336190172881493;0,5654921700813516;0,88526778628265;1,8861876237136994;0,6015082996950647;0,8639003756980026
1,961593067476356;0,6683878087130478;0,9377909284788912;1,9187161713549936;0,7047241530368411;0,9140587067372969
1,9808597642270687;0,7681416856812716;0,9999096241924516;1,9442219292901712;0,8031221681756295;0,9734272954158874
1,9896224883740352;0,8628810122552922;1,0711256484369196;1,9608231041852275;0,8948617827126117;1,041637462839276
1,9862016306254748;0,9506144839418906;1,150753125109548;1,9664682909773146;0,9781106595639155;1,11824510331728
1,9693483040117066;1,029277748306134;1,2379105601782994;1,9591985268329135;1,0510916025194255;1,2027048602265715
1,9385336260057753;1,0968098759821818;1,3315189989127723;1,937482740431506;1,1121495905754397;1,2943068404580549
1,8941305263060244;1,151253620776991;1,4303090435429007;1,9005706507106779;1,15983074544828;1,3920753736998082
1,8374278605342291;1,190864663082885;1,532838341596011;1,848775716553423;1,1929566971466934;1,4946570657263996
1,7704672698092692;1,2142112974108237;1,637519452840766;1,7835879522400995;1,2106731137214957;1,6002547847822788
1,6957507452489395;1,220248037915765;1,7426562168318487;1,707544927192751;1,2124550941680114;1,7066694090258316
1,6159040701859815;1,2083536870085267;1,8464854288351733;1,6238661114513895;1,1980665880232468;1,8114726308164926
1,5333821961117255;1,178333519731311;1,947220153693466;1,5359508498971461;1,167490495261855;1,9122658977286822
1,4502719649638025;1,13039275814127;2,0430913854236654;1,4468960679752252;1,1208592064666547;2,006929883053049
1,3682054295534738;1,065092174811228;2,132385709986869;1,3591682675603498;1,058413604504087;2,093774909966344
1,2883637834358346;0,9832963721267419;2,2134777425715377;1,2744836011917617;0,9805039259787027;2,171557941062164
1,211537228940702;0,8861225084704417;2,2848570553170364;1,1938656159826126;0,8876281389151859;2,2393927781654055
1,1382078024660593;0,7748938102398437;2,345149927108432;1,1178058643235254;0,7804912868090854;2,296611321588271
1,0686322944714517;0,651099386923833;2,3931365361469314;1,046452847559293;0,6600651009055629;2,3426307738018206
1,0029136096948421;0,5163601234263683;2,427764269930659;0,9797793129664125;0,5276292316212068;2,3768607949467944
0,9410573387173208;0,37239966110160105;2,4481577547219193;0,917705354835892;0,38478114872808566;2,3986623643536786
0,8830152280980461;0,2210193757093673;2,4536260925110653;0,8601743941261293;0,23340944084279736;2,407354159304642
0,8287195497910251;0,06407651178991053;2,443667689324427;0,8071896293843772;0,07563363430599068;2,40225333639564
0,7781133692572008;-0,09653495462015288;2,4179729896890745;0,7588226421175501;-0,08627885316568928;2,382734031816552
0,7311824688121702;-0,25890065661766604;2,376425409393482;0,715206468019896;-0,2500032228371145;2,348287244397727
0,687995911265858;-0,4210987221332345;2,319100790180247;0,6765247114522359;-0,4132390134473689;2,2985691134053194
0,6487642314741222;-0,5812078033904264;2,246265797082201;0,6430075797439434;-0,5737697590984143;2,233429955211519
0,6139266219669853;-0,7373078945595517;2,1583758594367652;0,6149460467862791;-0,7294927453917448;2,152922323110169
0,5842792829794674;-0,8874704643352066;2,0560735393749074;0,5927371602302607;-0,8784169101756261;2,0572911692234968
0,5611512397395402;-1,0297335264038452;1,9401885970185477;0,5769756592148063;-1,018631704208163;1,9469519478734085
0,5466114363533642;-1,162057684042829;1,8117414401348366;0,5686047078647203;-1,1482529564820088;1,8224639881064135
0,543638160441582;-1,2822632044907227;1,671951863418953;0,5691198754474258;-1,2653546247186307;1,684510187383312
0,556092452775733;-1,3879592153612201;1,5222544800824658;0,580765360991514;-1,3679005040152656;1,5339063986428103
0,588239820889812;-1,4764967616874562;1,364320191031862;0,6065513092109152;-1,4537009161907641;1,3716908160165717
0,6435576467582597;-1,5450042456794246;1,2000785926358895;0,6497778707793649;-1,5204365489254157;1,19937787533925
0,7228034766476826;-1,5905801804707267;1,03172951597885;0,7127116940885854;-1,5658045148232727;1,019451169332581
0,8218687695719429;-1,610694857320742;0,8617253597965836;0,7944042064681982;-1,5878214837492461;0,8359952945239097
0,9305460299616299;-1,6037675855070377;0,692704676007627;0,8885376059553507;-1,5852361311511527;0,6549553264397101
1,0333939833262373;-1,5697623338358144;0,5273668666675627;0,9830424175131229;-1,557899328024798;0,4832261391673107
1,1129738463388326;-1,510562929496952;0,3682979083652907;1,0626381841096366;-1,5069526387777312;0,3264373205971083
1,154290111443277;-1,429934585685668;0,2177792015151636;1,1131641725411554;-1,4348461524626288;0,18678884710634058
1,1484454221566953;-1,3330497862482085;0,0776229490740335;1,1250593463842224;-1,3452504157385994;0,06266718633523904
1,094022965667901;-1,225745171997894;-0,050929680450623016;1,0945052991269444;-1,2428131259657509;-0,04982045878724417
0,996063191683958;-1,1137607041896624;-0,16723282343542933;1,0227485637373297;-1,1327079034829273;-0,15473531714647848
0,8636181157596057;-1,00216266092844;-0,2711914299256367;0,9147228797837497;-1,0200840901721282;-0,2548177611227045
0,7071280000679641;-0,8950319135320706;-0,363171661532417;0,7776058709811848;-0,9095988253443079;-0,3509580291462191
0,5364477806416467;-0,7953913743135855;-0,44389264629829694;0,6195098607131397;-0,8051249512162642;-0,44244171077690275
0,35976805930376454;-0,7052931010619437;-0,5143203113694116;0,44840507158187703;-0,7096244820680633;-0,5276405418743684
0,18328252051091648;-0,6259820053207519;-0,5755753095513142;0,27136531950034426;-0,6251424476217762;-0,6048108214507866
0,011318344395306879;-0,5580753610871838;-0,6288594705882811;0,09416673961188105;-0,5528833178299588;-0,6727231463497203
-0,15332337893214895;-0,501724096069611;-0,6754003163196585;-0,07881182579782697;-0,49334063655766136;-0,7309800874994332
-0,30898250176043884;-0,45674248547862933;-0,7164108200024562;-0,2444848569358613;-0,44645122982449603;-0,7800298998010962
-0,45479395563960145;-0,4227051441526451;-0,7530609422500371;-0,40085105226308926;-0,4117470175637705;-0,8209818441722727
-0,590411134651638;-0,3990158915205005;-0,7864577315523195;-0,5467521843523202;-0,3884848850580074;-0,8553473388693309
-0,7157997633393567;-0,38495472498388505;-0,8176313821240873;-0,6816435300676726;-0,37574560184496253;-0,8847972791283363
-0,8310916302436062;-0,37970882032619113;-0,8475252930165873;-0,8053965656280546;-0,3725018554389492;-0,9109788626460045
-0,9364848881069141;-0,38239243470722584;-0,8769887391299366;-0,9181402324361378;-0,37766079521008233;-0,9353994685192397
-1,0321790743934167;-0,392059459417503;-0,9067712117077654;-1,0201395037743657;-0,3900882748652945;-0,959366436153255
-1,118335819513631;-0,4077114232785356;-0,9375178220698722;-1,1117068354965203;-0,40862155840243997;-0,9839659422301872
-1,1950590474925553;-0,4283030542868692;-0,9697654122600041;-1,1931414467901051;-0,43207588717593026;-1,0100655239422451
-1,26239075534354;-0,4527470450385231;-1,0039392058662562;-1,2646919504009635;-0,4592487994714829;-1,0383286439206292
-1,320319957580572;-0,4799193748239152;-1,0403499825543925;-1,326538820545419;-0,48892481143621547;-1,0692336225440697
-1,3688030387030683;-0,5086663408695593;-1,0791918845160915;-1,3787940589252976;-0,5198820926620051;-1,1030923487663475
-1,4077936122977786;-0,5378142637186569;-1,120541067679032;-1,4215159079966981;-0,5509020500808712;-1,1400662915603679
-1,4372791986885973;-0,5661825871194209;-1,164355493139867;-1,454736419149547;-0,5807821765927506;-1,1801786807053594
-1,4573208990219557;-0,5926007434160405;-1,2104762068769088;-1,4784990832797693;-0,6083520405091698;-1,2233226158540083
-1,4680911846304951;-0,615928690134534;-1,2586304674087734;-1,4929026717224114;-0,632491837838189;-1,2692655812299418
-1,4699044131526524;-0,6350804772498683;-1,3084370419243834;-1,4981461666548204;-0,6521525000515571;-1,3176515742189063
-1,4632351216673642;-0,649049657650097;-1,3594138975819374;-1,4945685904832051;-0,6663759959866757;-1,368002819653094
-1,4487206844679492;-0,656934914176237;-1,4109883717749714;-1,4826771941478771;-0,6743142789833274;-1,4197236608731072
-1,4271473608591758;-0,6579640514247245;-1,462509729665477;-1,4631583305169877;-0,6752454078348538;-1,4721093664161886
-1,3994215633886864;-0,6515145567437698;-1,513263834408426;-1,4368676674514131;-0,6685857673521014;-1,5243619492884095
-1,3665306437940554;-0,6371292744377715;-1,5624894938826965;-1,40479995274855;-0,6538979895264039;-1,575613587412752
-1,3294989981034593;-0,6145262913654703;-1,6093959325123424;-1,3680425364104651;-0,6308949692050718;-1,6249561938492523
-1,2893455188012801;-0,5836027820050882;-1,6531807833399066;-1,3277201317345002;-0,5994410369070184;-1,6714738119228931
-1,2470474607793474;-0,5444331754809629;-1,6930480065023727;-1,284939805393497;-0,5595516654113406;-1,714273559049997
-1,2035140587950326;-0,4972624814297031;-1,728225206230826;-1,2407444730685164;-0,5113929328129105;-1,7525112243076681
-1,1595712942890142;-0,4424958926672725;-1,7579799220420553;-1,1960806017502121;-0,4552814038078985;-1,78540917253722
